{"accuracy": [0.43884891271591187, 0.5395683646202087, 0.7410072088241577, 0.7482014298439026, 0.8273381590843201, 0.8345323801040649, 0.8273381590843201, 0.9280575513839722, 0.9496402740478516, 0.9568345546722412, 0.971222996711731, 0.9784172773361206, 0.9856114983558655, 1.0, 0.9856114983558655], "auc": [0.4304347634315491, 0.5857142806053162, 0.8036231994628906, 0.8503105640411377, 0.9032090902328491, 0.9345755577087402, 0.9638715982437134, 0.9766045808792114, 0.9907867312431335, 0.9873706102371216, 0.9983437061309814, 0.9985507130622864, 0.9993788599967957, 1.0, 0.9997929334640503], "loss": [0.7778432369232178, 0.6913899183273315, 0.5997061729431152, 0.5644164085388184, 0.5074579119682312, 0.46051788330078125, 0.4064488708972931, 0.36598533391952515, 0.2826760411262512, 0.26051732897758484, 0.19643500447273254, 0.18584710359573364, 0.13990655541419983, 0.11449252814054489, 0.09883265197277069], "val_accuracy": [0.44999998807907104, 0.550000011920929, 0.4000000059604645, 0.6499999761581421, 0.550000011920929, 0.5, 0.550000011920929, 0.550000011920929, 0.6000000238418579, 0.550000011920929, 0.5, 0.550000011920929, 0.550000011920929, 0.5, 0.550000011920929], "val_auc": [0.39499998092651367, 0.44999998807907104, 0.5049999952316284, 0.5550000071525574, 0.6200000047683716, 0.6200000047683716, 0.6000000238418579, 0.5850000381469727, 0.6100000143051147, 0.5849999785423279, 0.574999988079071, 0.5850000381469727, 0.574999988079071, 0.5799999833106995, 0.5800000429153442], "val_loss": [0.7110388875007629, 0.7012848258018494, 0.7019622921943665, 0.692615807056427, 0.6859595775604248, 0.7297690510749817, 0.694682240486145, 0.6994348764419556, 0.7019055485725403, 0.7051045894622803, 0.71434485912323, 0.7084695100784302, 0.7429474592208862, 0.7375212907791138, 0.7678827047348022]}