{"accuracy": [0.43884891271591187, 0.5899280309677124, 0.5827338099479675, 0.6402877569198608, 0.7338129281997681, 0.8561151027679443, 0.8057553768157959, 0.8920863270759583, 0.9064748287200928, 0.9280575513839722, 0.9136690497398376, 0.9280575513839722], "auc": [0.44720497727394104, 0.6051759719848633, 0.6801242232322693, 0.7573499083518982, 0.8473085165023804, 0.933747410774231, 0.9202898740768433, 0.979399561882019, 0.9698757529258728, 0.9887163639068604, 0.9835403561592102, 0.990165650844574], "loss": [0.8014981150627136, 0.6778601408004761, 0.6718202233314514, 0.6308159232139587, 0.5770031213760376, 0.5341690182685852, 0.49490928649902344, 0.4144127368927002, 0.3811049461364746, 0.32359015941619873, 0.2966254949569702, 0.27564385533332825], "val_accuracy": [0.5, 0.5, 0.5, 0.4000000059604645, 0.44999998807907104, 0.550000011920929, 0.3499999940395355, 0.4000000059604645, 0.4000000059604645, 0.44999998807907104, 0.44999998807907104, 0.4000000059604645], "val_auc": [0.6449999809265137, 0.4950000047683716, 0.3999999761581421, 0.42000001668930054, 0.41999998688697815, 0.42500001192092896, 0.3799999952316284, 0.3449999988079071, 0.32500001788139343, 0.29500001668930054, 0.3100000023841858, 0.3149999976158142], "val_loss": [0.7040626406669617, 0.7020623087882996, 0.71076500415802, 0.7052790522575378, 0.7112019062042236, 0.7107537388801575, 0.7323030829429626, 0.7544159293174744, 0.7847808003425598, 0.8397905230522156, 0.8824155926704407, 0.9109541177749634]}