{
    "accuracy": [
        0.8809351921081543,
        0.949696958065033,
        0.9514761567115784,
        0.9552290439605713,
        0.9552151560783386,
        0.9570082426071167,
        0.9583426117897034,
        0.9590097665786743,
        0.9596352577209473,
        0.9604136347770691,
        0.9608028531074524,
        0.9608584642410278,
        0.9608028531074524,
        0.9611781239509583,
        0.9626098275184631,
        0.9620399475097656,
        0.9624152183532715,
        0.9627071022987366,
        0.9629433751106262
    ],
    "auc": [
        0.9603572487831116,
        0.9876488447189331,
        0.9888803362846375,
        0.990167498588562,
        0.9905737638473511,
        0.9911496639251709,
        0.9912013411521912,
        0.9917935132980347,
        0.9920124411582947,
        0.9922813177108765,
        0.9922398328781128,
        0.9921756982803345,
        0.9923181533813477,
        0.9923432469367981,
        0.9929696917533875,
        0.992767870426178,
        0.9929764270782471,
        0.992848813533783,
        0.9930856823921204
    ],
    "loss": [
        0.25337842106819153,
        0.13772164285182953,
        0.1303739845752716,
        0.12246217578649521,
        0.12010853737592697,
        0.11613094806671143,
        0.11517303436994553,
        0.11084891855716705,
        0.10944360494613647,
        0.10752707719802856,
        0.10680761188268661,
        0.1078660786151886,
        0.10703253746032715,
        0.10618411749601364,
        0.10219007730484009,
        0.10403983294963837,
        0.10195504128932953,
        0.10234872996807098,
        0.10139220207929611
    ],
    "precision": [
        0.8756304979324341,
        0.951013445854187,
        0.9524446129798889,
        0.9567909836769104,
        0.9561535716056824,
        0.9577590227127075,
        0.9597100019454956,
        0.9597638845443726,
        0.9605827331542969,
        0.9608235955238342,
        0.961804211139679,
        0.9617570042610168,
        0.9614699482917786,
        0.9613192081451416,
        0.9633569121360779,
        0.962001383304596,
        0.962698221206665,
        0.9627971649169922,
        0.9630721211433411
    ],
    "recall": [
        0.8879961967468262,
        0.9482375383377075,
        0.9504058957099915,
        0.9535194039344788,
        0.9541866183280945,
        0.9561881422996521,
        0.9568553566932678,
        0.9581897258758545,
        0.9586067199707031,
        0.9599688649177551,
        0.959718644618988,
        0.9598854780197144,
        0.960080087184906,
        0.9610252380371094,
        0.9618036150932312,
        0.9620816111564636,
        0.9621094465255737,
        0.9626098275184631,
        0.96280437707901
    ],
    "val_accuracy": [
        0.9590873718261719,
        0.9615197777748108,
        0.9606440663337708,
        0.9605467915534973,
        0.9619089365005493,
        0.9608386754989624,
        0.9632710814476013,
        0.9609846472740173,
        0.9622980952262878,
        0.9573360681533813,
        0.9599630236625671,
        0.9621521830558777,
        0.9564117789268494,
        0.9407958984375,
        0.9580657482147217,
        0.9581630825996399,
        0.9500389099121094,
        0.9528118371963501,
        0.9521794319152832
    ],
    "val_auc": [
        0.9915819764137268,
        0.9921631217002869,
        0.9924578666687012,
        0.9932957887649536,
        0.9935155510902405,
        0.9935821294784546,
        0.9937083125114441,
        0.9935318231582642,
        0.9938145279884338,
        0.9931701421737671,
        0.993796706199646,
        0.9939217567443848,
        0.9935053586959839,
        0.9936003684997559,
        0.9936630725860596,
        0.994027853012085,
        0.9932456612586975,
        0.993389904499054,
        0.9932731986045837
    ],
    "val_loss": [
        0.11897628754377365,
        0.11040564626455307,
        0.10898220539093018,
        0.10782352834939957,
        0.10776837170124054,
        0.10711416602134705,
        0.10179844498634338,
        0.10825969278812408,
        0.1017845869064331,
        0.11340765655040741,
        0.10869401693344116,
        0.10409687459468842,
        0.12201028317213058,
        0.15144148468971252,
        0.11638956516981125,
        0.11244301497936249,
        0.13200713694095612,
        0.14074987173080444,
        0.13524575531482697
    ],
    "val_precision": [
        0.9676876068115234,
        0.9627353549003601,
        0.9696458578109741,
        0.9611300826072693,
        0.9538285136222839,
        0.9486596584320068,
        0.9684210419654846,
        0.9662467837333679,
        0.957534909248352,
        0.941237211227417,
        0.9444392323493958,
        0.9517785906791687,
        0.9349156022071838,
        0.9011066555976868,
        0.9386880397796631,
        0.9369085431098938,
        0.9209975600242615,
        0.9264248013496399,
        0.9251669645309448
    ],
    "val_recall": [
        0.9498929977416992,
        0.9602062702178955,
        0.9510605335235596,
        0.9599143862724304,
        0.9708114266395569,
        0.9744113683700562,
        0.9577738642692566,
        0.9553415179252625,
        0.9675034284591675,
        0.9755789041519165,
        0.9774275422096252,
        0.9736329913139343,
        0.981124758720398,
        0.9902704954147339,
        0.9801517724990845,
        0.9824868440628052,
        0.9845300912857056,
        0.9837517142295837,
        0.9839462637901306
    ]
}