{
    "accuracy": [
        0.886495053768158,
        0.9482792019844055,
        0.9524074196815491,
        0.9549649953842163,
        0.9564661383628845,
        0.958578884601593,
        0.9587039947509766,
        0.9594684839248657,
        0.9599966406822205,
        0.9610113501548767,
        0.9615951180458069,
        0.961219847202301,
        0.9623734951019287
    ],
    "auc": [
        0.9629241824150085,
        0.9873843789100647,
        0.9889640212059021,
        0.9901720285415649,
        0.9908650517463684,
        0.991276204586029,
        0.9916825294494629,
        0.9920333027839661,
        0.9920682311058044,
        0.9924649596214294,
        0.9924924969673157,
        0.9924226999282837,
        0.9929314255714417
    ],
    "loss": [
        0.24543465673923492,
        0.14001047611236572,
        0.1293543130159378,
        0.12253774702548981,
        0.11800569295883179,
        0.11462661623954773,
        0.11189267039299011,
        0.1092367023229599,
        0.10874834656715393,
        0.10643899440765381,
        0.10519330948591232,
        0.10620065033435822,
        0.1033046618103981
    ],
    "precision": [
        0.8889603614807129,
        0.9478932023048401,
        0.953087568283081,
        0.9553447365760803,
        0.9572797417640686,
        0.958782970905304,
        0.9591763019561768,
        0.9594429135322571,
        0.9601501822471619,
        0.9619230628013611,
        0.9614283442497253,
        0.961219847202301,
        0.9614883065223694
    ],
    "recall": [
        0.8833259344100952,
        0.9487100839614868,
        0.9516568183898926,
        0.9545480012893677,
        0.9555765390396118,
        0.958356499671936,
        0.9581897258758545,
        0.959496259689331,
        0.9598298668861389,
        0.9600244760513306,
        0.9617758393287659,
        0.961219847202301,
        0.9633325934410095
    ],
    "val_accuracy": [
        0.9602062702178955,
        0.9617143273353577,
        0.9634656310081482,
        0.952519953250885,
        0.9633683562278748,
        0.9507686495780945,
        0.957092821598053,
        0.9552441835403442,
        0.9527145624160767,
        0.9210449457168579,
        0.9610819220542908,
        0.9501848816871643,
        0.9383634924888611
    ],
    "val_auc": [
        0.9916672706604004,
        0.992721676826477,
        0.9934602379798889,
        0.993405818939209,
        0.9939265251159668,
        0.9936008453369141,
        0.9939078092575073,
        0.9934173822402954,
        0.9935986399650574,
        0.9929146766662598,
        0.9938551783561707,
        0.9940434098243713,
        0.9921677112579346
    ],
    "val_loss": [
        0.11531012505292892,
        0.10715640336275101,
        0.10248938202857971,
        0.13039423525333405,
        0.10546255111694336,
        0.13222557306289673,
        0.12632718682289124,
        0.1189371719956398,
        0.13049699366092682,
        0.19352835416793823,
        0.11199895292520523,
        0.14180490374565125,
        0.16316598653793335
    ],
    "val_precision": [
        0.9629992246627808,
        0.9572213292121887,
        0.9684334993362427,
        0.9238199591636658,
        0.9542202949523926,
        0.9209522008895874,
        0.9339553117752075,
        0.9322801232337952,
        0.9245437979698181,
        0.8672664165496826,
        0.94539475440979,
        0.9182788133621216,
        0.8984699845314026
    ],
    "val_recall": [
        0.9571900963783264,
        0.9666277766227722,
        0.9581630825996399,
        0.9863786697387695,
        0.9734384417533875,
        0.9861840605735779,
        0.9837517142295837,
        0.9818058013916016,
        0.9858921766281128,
        0.9942595958709717,
        0.978692352771759,
        0.9883245825767517,
        0.9884218573570251
    ]
}