{
    "accuracy": [
        0.7740832567214966,
        0.9257213473320007,
        0.9371054768562317,
        0.9415013790130615,
        0.9421400427818298,
        0.9443191885948181,
        0.9445070624351501,
        0.9460850358009338,
        0.9461601972579956,
        0.949428915977478,
        0.9495040774345398,
        0.9526224732398987,
        0.9510068893432617,
        0.9541253447532654,
        0.9519461989402771,
        0.955064594745636,
        0.9545761942863464,
        0.954989492893219,
        0.9554403424263,
        0.9573940634727478,
        0.9564172029495239,
        0.959122359752655,
        0.9583333134651184,
        0.9597610235214233,
        0.9618274569511414
    ],
    "auc": [
        0.8803489208221436,
        0.9752522706985474,
        0.9815691113471985,
        0.9849170446395874,
        0.9852659106254578,
        0.9862875938415527,
        0.9871299862861633,
        0.9873299598693848,
        0.9882072806358337,
        0.98857182264328,
        0.9896218776702881,
        0.9896296858787537,
        0.9901554584503174,
        0.9905369281768799,
        0.9902676939964294,
        0.991111695766449,
        0.9915072917938232,
        0.9910098314285278,
        0.9915943145751953,
        0.9923177361488342,
        0.9922451376914978,
        0.9928354620933533,
        0.9931066632270813,
        0.9929386973381042,
        0.9937008619308472
    ],
    "loss": [
        0.42126429080963135,
        0.19810116291046143,
        0.17022164165973663,
        0.1543860137462616,
        0.15193334221839905,
        0.14709803462028503,
        0.14294733107089996,
        0.14119358360767365,
        0.13667550683021545,
        0.13304704427719116,
        0.12784497439861298,
        0.12727046012878418,
        0.12436364591121674,
        0.12067338079214096,
        0.12368257343769073,
        0.11732488125562668,
        0.11529940366744995,
        0.11762735247612,
        0.11391948908567429,
        0.10894619673490524,
        0.11041818559169769,
        0.10486359149217606,
        0.10370805859565735,
        0.10454826056957245,
        0.09911614656448364
    ],
    "precision": [
        0.7750546932220459,
        0.9285228252410889,
        0.938687801361084,
        0.9445410966873169,
        0.9446795582771301,
        0.9475476741790771,
        0.9465539455413818,
        0.9489525556564331,
        0.9481470584869385,
        0.9535183310508728,
        0.951880931854248,
        0.9563603401184082,
        0.9527760744094849,
        0.9552542567253113,
        0.9547138214111328,
        0.9564365148544312,
        0.9564626812934875,
        0.9573262929916382,
        0.9572958946228027,
        0.960090696811676,
        0.9571729898452759,
        0.962598443031311,
        0.9604438543319702,
        0.9611818790435791,
        0.9644800424575806
    ],
    "recall": [
        0.7723174095153809,
        0.9224526882171631,
        0.9353020787239075,
        0.9380823373794556,
        0.93928462266922,
        0.9407123327255249,
        0.9422152042388916,
        0.9428914785385132,
        0.9439435005187988,
        0.9449203610420227,
        0.9468740820884705,
        0.9485272169113159,
        0.9490532279014587,
        0.9528855085372925,
        0.9489029049873352,
        0.9535617828369141,
        0.9525097608566284,
        0.9524345993995667,
        0.9534114599227905,
        0.9544634819030762,
        0.9555906057357788,
        0.9553651809692383,
        0.9560414552688599,
        0.9582206010818481,
        0.9589720368385315
    ],
    "val_accuracy": [
        0.9318869113922119,
        0.9355686902999878,
        0.9509533047676086,
        0.9455621242523193,
        0.951610803604126,
        0.9526627063751221,
        0.95450359582901,
        0.9449046850204468,
        0.953977644443512,
        0.9474030137062073,
        0.9484549760818481,
        0.9526627063751221,
        0.951873779296875,
        0.952399730682373,
        0.9541091322898865,
        0.9501643776893616,
        0.9421433210372925,
        0.9501643776893616,
        0.9526627063751221,
        0.9105851650238037,
        0.952136754989624,
        0.9514793157577515,
        0.951873779296875,
        0.9406968951225281,
        0.9517422914505005
    ],
    "val_auc": [
        0.9805037379264832,
        0.9875738620758057,
        0.9893046617507935,
        0.989362895488739,
        0.9897200465202332,
        0.9899527430534363,
        0.9905940890312195,
        0.9905388355255127,
        0.9907061457633972,
        0.9905388355255127,
        0.9905253052711487,
        0.9908924102783203,
        0.9907554984092712,
        0.9909693598747253,
        0.9912267923355103,
        0.9909374117851257,
        0.9905799627304077,
        0.9911723732948303,
        0.9912468791007996,
        0.9894598126411438,
        0.990944504737854,
        0.9904458522796631,
        0.9902747869491577,
        0.9905049204826355,
        0.9906096458435059
    ],
    "val_loss": [
        0.1858604997396469,
        0.16827432811260223,
        0.1300920844078064,
        0.14171025156974792,
        0.1307222694158554,
        0.12490101158618927,
        0.1218000277876854,
        0.13500089943408966,
        0.121953584253788,
        0.13175992667675018,
        0.1309184432029724,
        0.12169964611530304,
        0.12648190557956696,
        0.12420299649238586,
        0.11812098324298859,
        0.13180461525917053,
        0.14807185530662537,
        0.12667885422706604,
        0.12226726859807968,
        0.22126531600952148,
        0.1222534030675888,
        0.12685830891132355,
        0.12510663270950317,
        0.1521003693342209,
        0.12172386050224304
    ],
    "val_precision": [
        0.9287392497062683,
        0.9077036380767822,
        0.9585561752319336,
        0.9747828245162964,
        0.9665851593017578,
        0.9584553837776184,
        0.9610562920570374,
        0.9249120950698853,
        0.9622489809989929,
        0.9359467029571533,
        0.9738816618919373,
        0.9574807286262512,
        0.9583889245986938,
        0.9704675674438477,
        0.9597976803779602,
        0.9755555391311646,
        0.9850014448165894,
        0.9405558705329895,
        0.9679260849952698,
        0.8549670577049255,
        0.9542932510375977,
        0.9727423191070557,
        0.9666033387184143,
        0.9095796942710876,
        0.9492678046226501
    ],
    "val_recall": [
        0.9355771541595459,
        0.9697607159614563,
        0.942676842212677,
        0.9148041009902954,
        0.9355771541595459,
        0.9463581442832947,
        0.9474099278450012,
        0.9684459567070007,
        0.9450433850288391,
        0.9605574607849121,
        0.9216408133506775,
        0.9474099278450012,
        0.9447804093360901,
        0.9332106113433838,
        0.9479358196258545,
        0.9234814643859863,
        0.8979752659797668,
        0.9610833525657654,
        0.9363660216331482,
        0.988956093788147,
        0.9497764706611633,
        0.9290034174919128,
        0.936103105545044,
        0.9787010550498962,
        0.9545096158981323
    ]
}