{
    "accuracy": [
        0.8015854954719543,
        0.9305304884910583,
        0.9396227598190308,
        0.9428914785385132,
        0.9482266306877136,
        0.9479260444641113,
        0.9480387568473816,
        0.9494664669036865,
        0.9505936503410339,
        0.9522091746330261,
        0.9537872076034546,
        0.9523594975471497,
        0.9532611966133118,
        0.9563795924186707,
        0.956868052482605,
        0.9552900791168213,
        0.9569432139396667,
        0.9598361849784851,
        0.9582582116127014,
        0.9598361849784851,
        0.9613014459609985,
        0.9601743221282959,
        0.9622032046318054,
        0.9634430408477783,
        0.9636684656143188,
        0.9633303284645081
    ],
    "auc": [
        0.9024874567985535,
        0.9778147339820862,
        0.9833329916000366,
        0.9854946732521057,
        0.987453043460846,
        0.9875703454017639,
        0.9882632493972778,
        0.9886085391044617,
        0.9891563057899475,
        0.989152729511261,
        0.9900766611099243,
        0.9901126623153687,
        0.9900540113449097,
        0.9912165999412537,
        0.9914912581443787,
        0.9913652539253235,
        0.9913248419761658,
        0.9923216104507446,
        0.992012083530426,
        0.9924101829528809,
        0.9928644299507141,
        0.9924589395523071,
        0.9931578636169434,
        0.9935511350631714,
        0.9932693243026733,
        0.9937214851379395
    ],
    "loss": [
        0.3884657919406891,
        0.18695591390132904,
        0.16214953362941742,
        0.15018536150455475,
        0.13885724544525146,
        0.13827714323997498,
        0.13462330400943756,
        0.1326688677072525,
        0.129362091422081,
        0.12870998680591583,
        0.1237754374742508,
        0.12419998645782471,
        0.12402062863111496,
        0.11627114564180374,
        0.11308178305625916,
        0.11614438146352768,
        0.11386484652757645,
        0.10763229429721832,
        0.11038736253976822,
        0.10726417601108551,
        0.10411082208156586,
        0.10608574002981186,
        0.10297265648841858,
        0.09882084280252457,
        0.09927477687597275,
        0.0979701578617096
    ],
    "precision": [
        0.8023808002471924,
        0.9336916208267212,
        0.9438585638999939,
        0.9477362632751465,
        0.9528545141220093,
        0.9535149335861206,
        0.9516703486442566,
        0.9538660049438477,
        0.9528736472129822,
        0.9549440741539001,
        0.9568769931793213,
        0.953791618347168,
        0.9564164876937866,
        0.9579971432685852,
        0.9582453966140747,
        0.9569381475448608,
        0.9597066640853882,
        0.961396336555481,
        0.9603683948516846,
        0.9626521468162537,
        0.9631110429763794,
        0.9635180234909058,
        0.9648579359054565,
        0.9647351503372192,
        0.9652416706085205,
        0.9661324620246887
    ],
    "recall": [
        0.8002704977989197,
        0.9268860816955566,
        0.9348512291908264,
        0.9374812245368958,
        0.9431169033050537,
        0.9417643547058105,
        0.9440186619758606,
        0.9446197748184204,
        0.9480763673782349,
        0.9492034912109375,
        0.9504057765007019,
        0.9507814645767212,
        0.9498046040534973,
        0.9546137452125549,
        0.9553651809692383,
        0.9534866213798523,
        0.9539374709129333,
        0.9581454992294312,
        0.9559663534164429,
        0.9567928910255432,
        0.9593477845191956,
        0.9565674662590027,
        0.9593477845191956,
        0.9620528817176819,
        0.9619777798652649,
        0.9603246450424194
    ],
    "val_accuracy": [
        0.9366206526756287,
        0.9349112510681152,
        0.9468770623207092,
        0.9510847926139832,
        0.9546350836753845,
        0.9517422914505005,
        0.9534516930580139,
        0.9559500217437744,
        0.9527941942214966,
        0.9564759731292725,
        0.9568704962730408,
        0.9508218169212341,
        0.9385930299758911,
        0.9484549760818481,
        0.9554240703582764,
        0.9556870460510254,
        0.9546350836753845,
        0.9546350836753845,
        0.9531887173652649,
        0.9520052671432495,
        0.9529256820678711,
        0.951873779296875,
        0.9326758980751038,
        0.951873779296875,
        0.949769914150238,
        0.9512162804603577
    ],
    "val_auc": [
        0.9824990034103394,
        0.9883062839508057,
        0.9888901114463806,
        0.9902100563049316,
        0.9905053377151489,
        0.9903095364570618,
        0.9907237887382507,
        0.9913996458053589,
        0.9909868240356445,
        0.9914548993110657,
        0.9912524223327637,
        0.9904682040214539,
        0.9908601641654968,
        0.9906196594238281,
        0.9916244745254517,
        0.9913760423660278,
        0.991421639919281,
        0.9911039471626282,
        0.9909597635269165,
        0.9912140369415283,
        0.9906829595565796,
        0.9902453422546387,
        0.9899899959564209,
        0.9907183051109314,
        0.9909529089927673,
        0.990498423576355
    ],
    "val_loss": [
        0.17807205021381378,
        0.16541080176830292,
        0.13830991089344025,
        0.12977595627307892,
        0.12392108887434006,
        0.1251734495162964,
        0.12736143171787262,
        0.12189480662345886,
        0.12675683200359344,
        0.11778726428747177,
        0.11821035295724869,
        0.12900938093662262,
        0.1603984832763672,
        0.13413533568382263,
        0.11598023772239685,
        0.11584413051605225,
        0.12329991906881332,
        0.11947266012430191,
        0.12443751841783524,
        0.12489506602287292,
        0.12722943723201752,
        0.1256086230278015,
        0.16698478162288666,
        0.12676772475242615,
        0.12764079868793488,
        0.12525835633277893
    ],
    "val_precision": [
        0.9190007448196411,
        0.9042032957077026,
        0.9399430751800537,
        0.9466285109519958,
        0.9613127112388611,
        0.9521052837371826,
        0.9744154214859009,
        0.972737193107605,
        0.9720394611358643,
        0.9604774713516235,
        0.9600211977958679,
        0.9708871245384216,
        0.9874342679977417,
        0.9290565848350525,
        0.9526920914649963,
        0.9663617014884949,
        0.9693267941474915,
        0.955719530582428,
        0.9720624685287476,
        0.9369598627090454,
        0.974648654460907,
        0.9528326988220215,
        0.8960288763046265,
        0.9378343820571899,
        0.9355742335319519,
        0.9413580298423767
    ],
    "val_recall": [
        0.9576650261878967,
        0.9729161262512207,
        0.9547725319862366,
        0.9560872912406921,
        0.9474099278450012,
        0.9513542056083679,
        0.931369960308075,
        0.938206672668457,
        0.9324217438697815,
        0.9521430730819702,
        0.953457772731781,
        0.9295293092727661,
        0.8885090947151184,
        0.9710754752159119,
        0.9584538340568542,
        0.9442545175552368,
        0.9389955401420593,
        0.953457772731781,
        0.9332106113433838,
        0.969234824180603,
        0.9300552010536194,
        0.9508283138275146,
        0.9789639711380005,
        0.9679200649261475,
        0.9660794138908386,
        0.962398111820221
    ]
}