{
    "roc_auc": 0.9911353313962268,
    "pr_auc": 0.9911873511126498,
    "num_test_samples": 3803
}