{
    "roc_auc": 0.9918635440641955,
    "pr_auc": 0.9919540878664012,
    "num_test_samples": 3803
}