{
    "accuracy": [
        0.7392985820770264,
        0.9343225955963135,
        0.9393060207366943,
        0.946409285068512,
        0.9474878311157227,
        0.9499795436859131,
        0.949756383895874,
        0.9510208368301392,
        0.9521737694740295,
        0.9532522559165955,
        0.9534010291099548,
        0.9560043215751648,
        0.9563390016555786,
        0.9562646150588989,
        0.958012580871582,
        0.9584960341453552,
        0.9589422941207886,
        0.9589422941207886,
        0.9606530666351318,
        0.9605414867401123,
        0.9632935523986816,
        0.9610621333122253,
        0.9628472328186035,
        0.9638885855674744,
        0.9659712314605713
    ],
    "auc": [
        0.8499395251274109,
        0.9793065786361694,
        0.9833890199661255,
        0.9860959649085999,
        0.9872031211853027,
        0.9881019592285156,
        0.9886490106582642,
        0.9895622730255127,
        0.9900674819946289,
        0.9900760650634766,
        0.990294873714447,
        0.9909608960151672,
        0.9915485978126526,
        0.9917005896568298,
        0.9917627573013306,
        0.9924421310424805,
        0.9923834800720215,
        0.9927076101303101,
        0.9923520088195801,
        0.9931674003601074,
        0.9936103224754333,
        0.9931814670562744,
        0.9937556385993958,
        0.9938818216323853,
        0.9942688941955566
    ],
    "loss": [
        0.45616644620895386,
        0.18041247129440308,
        0.16220705211162567,
        0.1466561108827591,
        0.14171545207500458,
        0.1358499675989151,
        0.13411648571491241,
        0.1282970905303955,
        0.12517139315605164,
        0.12484531104564667,
        0.1233176440000534,
        0.11924082040786743,
        0.11447391659021378,
        0.11530033499002457,
        0.11325054615736008,
        0.10820723325014114,
        0.10772000998258591,
        0.10581212490797043,
        0.10720571875572205,
        0.10226063430309296,
        0.09920273721218109,
        0.10215580463409424,
        0.09825137257575989,
        0.09667021036148071,
        0.09254943579435349
    ],
    "precision": [
        0.7359389662742615,
        0.934648334980011,
        0.9393082857131958,
        0.9473096132278442,
        0.9485573768615723,
        0.9514925479888916,
        0.9507976770401001,
        0.9523347616195679,
        0.9537279009819031,
        0.9553878307342529,
        0.9533690214157104,
        0.9576056003570557,
        0.9562727808952332,
        0.9556562304496765,
        0.9592095613479614,
        0.9589754939079285,
        0.9598330855369568,
        0.9598330855369568,
        0.9615470767021179,
        0.9611260294914246,
        0.9641579985618591,
        0.96219801902771,
        0.9637799859046936,
        0.9639244079589844,
        0.9662846326828003
    ],
    "recall": [
        0.7464485168457031,
        0.9339531660079956,
        0.9393082857131958,
        0.9454072117805481,
        0.9462997317314148,
        0.9483079314231873,
        0.9486054182052612,
        0.9495723247528076,
        0.9504648447036743,
        0.9509111046791077,
        0.9534399509429932,
        0.9542580842971802,
        0.9564149975776672,
        0.9569356441497803,
        0.956712543964386,
        0.9579769372940063,
        0.9579769372940063,
        0.9579769372940063,
        0.9596875905990601,
        0.9599107503890991,
        0.9623652100563049,
        0.9598363637924194,
        0.9618445634841919,
        0.9638527035713196,
        0.9656378030776978
    ],
    "val_accuracy": [
        0.9435116648674011,
        0.9540544152259827,
        0.9570479989051819,
        0.9566575288772583,
        0.9534035921096802,
        0.9578289985656738,
        0.9547051787376404,
        0.9592607021331787,
        0.9567877054214478,
        0.9415593147277832,
        0.9470258951187134,
        0.9582194685935974,
        0.9566575288772583,
        0.9547051787376404,
        0.9604321122169495,
        0.9582194685935974,
        0.95613694190979,
        0.9591305255889893,
        0.953143298625946,
        0.9552258253097534,
        0.9566575288772583,
        0.9593908786773682,
        0.9549655318260193,
        0.9570479989051819,
        0.9579591155052185
    ],
    "val_auc": [
        0.9865484833717346,
        0.9886466264724731,
        0.9905790686607361,
        0.991563081741333,
        0.9911171793937683,
        0.9921514391899109,
        0.9918422102928162,
        0.9923198819160461,
        0.9925457835197449,
        0.9922464489936829,
        0.992331862449646,
        0.9926532506942749,
        0.9920209646224976,
        0.9926714301109314,
        0.992565393447876,
        0.9927381873130798,
        0.992734968662262,
        0.9927053451538086,
        0.9926282167434692,
        0.9925147891044617,
        0.9927473068237305,
        0.9928175210952759,
        0.9925796389579773,
        0.9926329851150513,
        0.9926876425743103
    ],
    "val_loss": [
        0.16362185776233673,
        0.13639238476753235,
        0.1285533607006073,
        0.1202525794506073,
        0.12713107466697693,
        0.11747407168149948,
        0.12280771881341934,
        0.11390107125043869,
        0.11431967467069626,
        0.14683423936367035,
        0.13386082649230957,
        0.10960991680622101,
        0.1133524551987648,
        0.11479869484901428,
        0.1066988930106163,
        0.10755313187837601,
        0.11035149544477463,
        0.10701305419206619,
        0.12080549448728561,
        0.11409205943346024,
        0.11107567697763443,
        0.11528529971837997,
        0.11986330896615982,
        0.1219850704073906,
        0.11623908579349518
    ],
    "val_precision": [
        0.9180368185043335,
        0.9458077549934387,
        0.9532662034034729,
        0.9522950053215027,
        0.9798842668533325,
        0.9484825134277344,
        0.9781001806259155,
        0.969648540019989,
        0.9792406558990479,
        0.9865174889564514,
        0.9831176400184631,
        0.972864031791687,
        0.9630411863327026,
        0.9744634628295898,
        0.9647831916809082,
        0.9726101160049438,
        0.9737696051597595,
        0.9649354219436646,
        0.9754165410995483,
        0.9750068187713623,
        0.9727762937545776,
        0.9425633549690247,
        0.9786359667778015,
        0.9354998469352722,
        0.9432963728904724
    ],
    "val_recall": [
        0.9739651083946228,
        0.963290810585022,
        0.9612080454826355,
        0.9614683389663696,
        0.9258005619049072,
        0.9682374596595764,
        0.9302265048027039,
        0.9481905698776245,
        0.933350682258606,
        0.8953397274017334,
        0.9096589684486389,
        0.942723274230957,
        0.949752688407898,
        0.9338713884353638,
        0.9557406902313232,
        0.9429836273193359,
        0.9375162720680237,
        0.9528768658638,
        0.929705798625946,
        0.9343920946121216,
        0.9395990371704102,
        0.9783910512924194,
        0.9302265048027039,
        0.9817755818367004,
        0.9744858145713806
    ]
}