{
    "accuracy": [
        0.7828108072280884,
        0.9342854022979736,
        0.9450333118438721,
        0.947636604309082,
        0.9509465098381042,
        0.9541076421737671,
        0.9563390016555786,
        0.9559299349784851,
        0.9598720669746399,
        0.9579753875732422,
        0.9586448073387146,
        0.9590538740158081,
        0.9610249400138855,
        0.9610621333122253,
        0.9612109065055847
    ],
    "auc": [
        0.8912379145622253,
        0.9806408882141113,
        0.9853343963623047,
        0.9874605536460876,
        0.989126980304718,
        0.9902005791664124,
        0.9907107353210449,
        0.9910231828689575,
        0.9917335510253906,
        0.991756796836853,
        0.9921405911445618,
        0.992355227470398,
        0.9927563071250916,
        0.9927226305007935,
        0.9930485486984253
    ],
    "loss": [
        0.39858001470565796,
        0.17527633905410767,
        0.15099674463272095,
        0.1404980570077896,
        0.13031317293643951,
        0.12284447252750397,
        0.1194591149687767,
        0.11798824369907379,
        0.11198028177022934,
        0.11263657361268997,
        0.10953385382890701,
        0.1086755096912384,
        0.10502368211746216,
        0.10592687129974365,
        0.10227066278457642
    ],
    "precision": [
        0.7836627960205078,
        0.9329033493995667,
        0.9467632174491882,
        0.9483721852302551,
        0.9517210721969604,
        0.9547181129455566,
        0.9573611617088318,
        0.9558976888656616,
        0.9597026109695435,
        0.9584543108940125,
        0.9595350027084351,
        0.9588165283203125,
        0.9624021053314209,
        0.9619225263595581,
        0.9624850749969482
    ],
    "recall": [
        0.7813313603401184,
        0.9358869194984436,
        0.9431015253067017,
        0.9468203783035278,
        0.9500929713249207,
        0.9534399509429932,
        0.9552249908447266,
        0.9559687376022339,
        0.9600595235824585,
        0.9574562907218933,
        0.9576794505119324,
        0.9593157172203064,
        0.9595388770103455,
        0.9601338505744934,
        0.9598363637924194
    ],
    "val_accuracy": [
        0.9483274817466736,
        0.9562670588493347,
        0.9592607021331787,
        0.9584797620773315,
        0.9597813487052917,
        0.955616295337677,
        0.9379148483276367,
        0.9593908786773682,
        0.9527528285980225,
        0.9565274119377136,
        0.9612130522727966,
        0.9596511721611023,
        0.9515814185142517,
        0.9566575288772583,
        0.9584797620773315
    ],
    "val_auc": [
        0.9880744218826294,
        0.9904636144638062,
        0.9910299181938171,
        0.9920939207077026,
        0.9927029013633728,
        0.9921067357063293,
        0.9919108748435974,
        0.9929348230361938,
        0.9920939207077026,
        0.9927847385406494,
        0.9927210211753845,
        0.9921240210533142,
        0.9915940165519714,
        0.9923263192176819,
        0.9925108551979065
    ],
    "val_loss": [
        0.15005652606487274,
        0.12377570569515228,
        0.11807318776845932,
        0.11502549052238464,
        0.10754843056201935,
        0.11792782694101334,
        0.16040708124637604,
        0.11064308881759644,
        0.13261792063713074,
        0.11197587102651596,
        0.10897112637758255,
        0.10982725769281387,
        0.12817126512527466,
        0.11196069419384003,
        0.11364834010601044
    ],
    "val_precision": [
        0.9300699234008789,
        0.949935793876648,
        0.9537037014961243,
        0.9595511555671692,
        0.9615786671638489,
        0.9403623342514038,
        0.8972602486610413,
        0.9739457368850708,
        0.9266437888145447,
        0.9735350012779236,
        0.9571613073348999,
        0.9516500234603882,
        0.9294379949569702,
        0.9499743580818176,
        0.9531652331352234
    ],
    "val_recall": [
        0.9695391654968262,
        0.963290810585022,
        0.9653735756874084,
        0.9573028087615967,
        0.9578234553337097,
        0.9729236960411072,
        0.9890653491020203,
        0.9440249800682068,
        0.9833377003669739,
        0.9385576844215393,
        0.9656339287757874,
        0.9684978127479553,
        0.9773496389389038,
        0.9640718698501587,
        0.9643322229385376
    ]
}