{
    "accuracy": [
        0.7877192497253418,
        0.9324038624763489,
        0.9397827386856079,
        0.9426378607749939,
        0.9442322850227356,
        0.9471244812011719,
        0.9485706090927124,
        0.9495346546173096,
        0.949052631855011,
        0.9516111016273499,
        0.9506099820137024,
        0.9539100527763367,
        0.9526122808456421,
        0.9522785544395447,
        0.9555044770240784,
        0.9562090039253235,
        0.9557269215583801
    ],
    "auc": [
        0.8948934674263,
        0.9789655804634094,
        0.9830114245414734,
        0.9854274988174438,
        0.9865478277206421,
        0.9877315759658813,
        0.9882280826568604,
        0.9889467358589172,
        0.9887292385101318,
        0.9896742105484009,
        0.9900730848312378,
        0.9904859662055969,
        0.9908375144004822,
        0.9906646013259888,
        0.9911617636680603,
        0.991779088973999,
        0.9918119311332703
    ],
    "loss": [
        0.3929409980773926,
        0.18161840736865997,
        0.16310620307922363,
        0.15126854181289673,
        0.14598588645458221,
        0.1382063925266266,
        0.13478651642799377,
        0.13151928782463074,
        0.13217659294605255,
        0.12728692591190338,
        0.12597516179084778,
        0.12167780101299286,
        0.11960060149431229,
        0.1200043186545372,
        0.11657755821943283,
        0.11268685013055801,
        0.11334997415542603
    ],
    "precision": [
        0.7973635792732239,
        0.9361909031867981,
        0.9431368112564087,
        0.9455142617225647,
        0.9484914541244507,
        0.95039963722229,
        0.9524984955787659,
        0.951848566532135,
        0.9519367218017578,
        0.9544097781181335,
        0.9530306458473206,
        0.9567910432815552,
        0.9545014500617981,
        0.9547420144081116,
        0.9578829407691956,
        0.9581471681594849,
        0.9582432508468628
    ],
    "recall": [
        0.7715238928794861,
        0.928068220615387,
        0.9360029697418213,
        0.9394141435623169,
        0.9394882917404175,
        0.9434927701950073,
        0.944234311580658,
        0.9469781517982483,
        0.9458657503128052,
        0.9485353827476501,
        0.9479421377182007,
        0.9507601261138916,
        0.9505376219749451,
        0.9495735764503479,
        0.9529106616973877,
        0.9540971517562866,
        0.9529848098754883
    ],
    "val_accuracy": [
        0.9443290829658508,
        0.9434207081794739,
        0.9582144021987915,
        0.9550999402999878,
        0.9508175253868103,
        0.9569166898727417,
        0.9584739208221436,
        0.9562678337097168,
        0.9553594589233398,
        0.9547106027603149,
        0.9575655460357666,
        0.9518557190895081,
        0.9479626417160034,
        0.9368025064468384,
        0.9230470061302185,
        0.9480924010276794,
        0.9374513626098633
    ],
    "val_auc": [
        0.9855626225471497,
        0.9892704486846924,
        0.990138053894043,
        0.9900997877120972,
        0.9901548027992249,
        0.9906805157661438,
        0.9910489916801453,
        0.9915580153465271,
        0.9918891191482544,
        0.9919257760047913,
        0.9922102093696594,
        0.9921001195907593,
        0.9923142194747925,
        0.9922948479652405,
        0.9916372895240784,
        0.9922204613685608,
        0.9922452569007874
    ],
    "val_loss": [
        0.16019822657108307,
        0.1538582444190979,
        0.12297943979501724,
        0.12796910107135773,
        0.13454033434391022,
        0.11990811675786972,
        0.11573834717273712,
        0.12221428006887436,
        0.12913967669010162,
        0.12272294610738754,
        0.11748838424682617,
        0.12993136048316956,
        0.14015312492847443,
        0.1655200719833374,
        0.19340795278549194,
        0.13781215250492096,
        0.16367454826831818
    ],
    "val_precision": [
        0.9301507472991943,
        0.918852686882019,
        0.9613274335861206,
        0.9745602011680603,
        0.9349023699760437,
        0.9661106467247009,
        0.9606258273124695,
        0.9475560188293457,
        0.942273736000061,
        0.9453482627868652,
        0.9607945680618286,
        0.9320099353790283,
        0.9244958162307739,
        0.8978723287582397,
        0.8731684684753418,
        0.9218177199363708,
        0.8996917009353638
    ],
    "val_recall": [
        0.9608097672462463,
        0.9727485179901123,
        0.954840362071991,
        0.9345964193344116,
        0.9691149592399597,
        0.9470542669296265,
        0.9561380743980408,
        0.966000497341156,
        0.9701531529426575,
        0.9652218818664551,
        0.95406174659729,
        0.9748247861862183,
        0.9756034016609192,
        0.9857254028320312,
        0.9898779988288879,
        0.9792369604110718,
        0.9846872687339783
    ]
}