{
    "accuracy": [
        0.8126367330551147,
        0.9299566149711609,
        0.9359264373779297,
        0.9428232312202454,
        0.9431198835372925,
        0.9469761848449707,
        0.9475694298744202,
        0.948904275894165,
        0.9481256008148193,
        0.9515740275382996,
        0.9523897767066956,
        0.9532425999641418,
        0.9537616968154907,
        0.9550966024398804,
        0.9550595283508301,
        0.9542808532714844,
        0.9552448987960815,
        0.9573213458061218,
        0.9587674736976624,
        0.9591382741928101,
        0.9598057270050049
    ],
    "auc": [
        0.9101706743240356,
        0.9776129126548767,
        0.9823548197746277,
        0.9847185611724854,
        0.9857561588287354,
        0.9872218370437622,
        0.9874697923660278,
        0.9886974692344666,
        0.9880883693695068,
        0.9892547726631165,
        0.9894679188728333,
        0.9896660447120667,
        0.9901681542396545,
        0.991096556186676,
        0.9907621741294861,
        0.9910270571708679,
        0.9911871552467346,
        0.9920708537101746,
        0.9919701814651489,
        0.9927152395248413,
        0.9925162196159363
    ],
    "loss": [
        0.374764621257782,
        0.18763367831707,
        0.1663970649242401,
        0.15396493673324585,
        0.1494273543357849,
        0.1410290151834488,
        0.13868723809719086,
        0.13301829993724823,
        0.1350284069776535,
        0.12919384241104126,
        0.12712420523166656,
        0.12597034871578217,
        0.1221795380115509,
        0.11677104979753494,
        0.11886582523584366,
        0.11794829368591309,
        0.11642898619174957,
        0.11084909737110138,
        0.11089731752872467,
        0.10579921305179596,
        0.10606082528829575
    ],
    "precision": [
        0.8113276958465576,
        0.933074414730072,
        0.9395797252655029,
        0.9468013644218445,
        0.9481064677238464,
        0.9508564472198486,
        0.9529455900192261,
        0.9528689980506897,
        0.9511048197746277,
        0.9553577899932861,
        0.9568636417388916,
        0.9562556147575378,
        0.9592464566230774,
        0.9579851031303406,
        0.9585980176925659,
        0.9590827226638794,
        0.9579293131828308,
        0.9616017937660217,
        0.9625420570373535,
        0.9625009298324585,
        0.9631732106208801
    ],
    "recall": [
        0.8147571086883545,
        0.9263626337051392,
        0.9317760467529297,
        0.9383759498596191,
        0.9375602602958679,
        0.9426770210266113,
        0.9416388869285583,
        0.9445309638977051,
        0.9448275566101074,
        0.9474230408668518,
        0.9474972486495972,
        0.9499443769454956,
        0.9477938413619995,
        0.9519466161727905,
        0.9512050151824951,
        0.949054479598999,
        0.9523174166679382,
        0.9526881575584412,
        0.9546903967857361,
        0.9555061459541321,
        0.9561735391616821
    ],
    "val_accuracy": [
        0.883726954460144,
        0.9506877660751343,
        0.9514663815498352,
        0.953802227973938,
        0.9517259001731873,
        0.9554892182350159,
        0.953672468662262,
        0.9549701809883118,
        0.9522449970245361,
        0.953931987285614,
        0.9567869305610657,
        0.9366727471351624,
        0.9487412571907043,
        0.953931987285614,
        0.930833101272583,
        0.9519854784011841,
        0.9371917843818665,
        0.9512068629264832,
        0.9531533718109131,
        0.9483519196510315,
        0.9515961408615112
    ],
    "val_auc": [
        0.9859740138053894,
        0.9896429777145386,
        0.9899498224258423,
        0.9913496971130371,
        0.9914964437484741,
        0.9917460680007935,
        0.9922611117362976,
        0.9919313788414001,
        0.9920780658721924,
        0.9924593567848206,
        0.9924559593200684,
        0.9919077157974243,
        0.9919434785842896,
        0.9920614957809448,
        0.9917688369750977,
        0.9920011162757874,
        0.9916546940803528,
        0.9921842217445374,
        0.9923979043960571,
        0.9922088384628296,
        0.9918667078018188
    ],
    "val_loss": [
        0.2632121443748474,
        0.13847686350345612,
        0.13313066959381104,
        0.11992931365966797,
        0.12235189974308014,
        0.11480148136615753,
        0.11865212023258209,
        0.12136856466531754,
        0.12560366094112396,
        0.12044426798820496,
        0.11460704356431961,
        0.1560378074645996,
        0.13624520599842072,
        0.11637238413095474,
        0.17996111512184143,
        0.12499287724494934,
        0.16055910289287567,
        0.12912175059318542,
        0.12829391658306122,
        0.13536997139453888,
        0.12450885027647018
    ],
    "val_precision": [
        0.8189859986305237,
        0.9654248356819153,
        0.9712814688682556,
        0.9491394758224487,
        0.9425374865531921,
        0.9684997200965881,
        0.9737127423286438,
        0.9630216360092163,
        0.9350811243057251,
        0.9421132206916809,
        0.961699903011322,
        0.8995488286018372,
        0.9262820482254028,
        0.9701613187789917,
        0.8873075246810913,
        0.934831440448761,
        0.9002138376235962,
        0.93278568983078,
        0.9351944327354431,
        0.9220620393753052,
        0.9315476417541504
    ],
    "val_recall": [
        0.9852063059806824,
        0.9348559379577637,
        0.9304438233375549,
        0.9589930176734924,
        0.9621074199676514,
        0.94160395860672,
        0.9325200915336609,
        0.9462756514549255,
        0.9719699025154114,
        0.9672982096672058,
        0.9514663815498352,
        0.9831300377845764,
        0.9750843644142151,
        0.9366727471351624,
        0.987023115158081,
        0.9717103838920593,
        0.9833895564079285,
        0.9724889993667603,
        0.9737866520881653,
        0.9794964790344238,
        0.9748247861862183
    ]
}