{"accuracy": [0.5179855823516846, 0.597122311592102, 0.6618704795837402, 0.6906474828720093, 0.7841726541519165, 0.9064748287200928, 0.9136690497398376, 0.9064748287200928, 0.8992805480957031, 0.9136690497398376, 0.9928057789802551, 0.9928057789802551, 0.9784172773361206, 0.9784172773361206, 0.9928057789802551, 0.9856114983558655, 1.0, 1.0], "auc": [0.5639751553535461, 0.6704968810081482, 0.7559006214141846, 0.7549689412117004, 0.9026914834976196, 0.9658384919166565, 0.9726707935333252, 0.9763975143432617, 0.9856107234954834, 0.9873705506324768, 1.0, 0.9995859265327454, 0.9990683197975159, 0.9995859265327454, 0.9992753267288208, 0.998964786529541, 1.0, 1.0], "loss": [0.7206728458404541, 0.667158842086792, 0.5877135992050171, 0.6000580787658691, 0.5065585374832153, 0.43569353222846985, 0.3865576982498169, 0.34216824173927307, 0.3132748603820801, 0.27292463183403015, 0.21972845494747162, 0.15223704278469086, 0.16410765051841736, 0.12699922919273376, 0.12518653273582458, 0.12264654785394669, 0.08598404377698898, 0.07348678261041641], "val_accuracy": [0.5, 0.5, 0.5, 0.550000011920929, 0.6000000238418579, 0.6499999761581421, 0.550000011920929, 0.6000000238418579, 0.6499999761581421, 0.550000011920929, 0.550000011920929, 0.6000000238418579, 0.550000011920929, 0.550000011920929, 0.6000000238418579, 0.550000011920929, 0.550000011920929, 0.6000000238418579], "val_auc": [0.5400000214576721, 0.5399999618530273, 0.6200000047683716, 0.6000000238418579, 0.5850000381469727, 0.5899999737739563, 0.5850000381469727, 0.6200000047683716, 0.6349999904632568, 0.6100000143051147, 0.6299999952316284, 0.6200000047683716, 0.6200000047683716, 0.6299999952316284, 0.6399999856948853, 0.6349999904632568, 0.6299999952316284, 0.5849999785423279], "val_loss": [0.761192798614502, 0.7182682156562805, 0.6843627691268921, 0.6880786418914795, 0.6767934560775757, 0.6749558448791504, 0.6929959058761597, 0.6717450022697449, 0.6785135865211487, 0.7349229454994202, 0.7025502920150757, 0.711258053779602, 0.7153293490409851, 0.7330567240715027, 0.728158175945282, 0.7406522035598755, 0.7685823440551758, 0.7842040657997131]}