{
    "roc_auc": 0.9919612588450402,
    "pr_auc": 0.9927131772634188,
    "num_test_samples": 3853
}