{
    "roc_auc": 0.9925095691601179,
    "pr_auc": 0.9929395999553152,
    "num_test_samples": 3853
}