{
    "roc_auc": 0.9933134448400525,
    "pr_auc": 0.9922411068073549,
    "num_test_samples": 3842
}