{
    "roc_auc": 0.9923682491197728,
    "pr_auc": 0.9911824802653318,
    "num_test_samples": 3842
}