{
    "roc_auc": 0.9922845611971621,
    "pr_auc": 0.9927130865701954,
    "num_test_samples": 10278
}