{
    "roc_auc": 0.9943944791310613,
    "pr_auc": 0.994857238948766,
    "num_test_samples": 10278
}