{"accuracy": [0.4748201370239258, 0.6402877569198608, 0.7338129281997681, 0.7913669347763062, 0.8920863270759583, 0.9280575513839722, 0.9280575513839722, 0.9640287756919861, 0.971222996711731, 0.971222996711731, 0.9928057789802551, 0.9856114983558655, 1.0], "auc": [0.46469977498054504, 0.7000000476837158, 0.8488612771034241, 0.8986542820930481, 0.9730849266052246, 0.9843685626983643, 0.9885093569755554, 0.9916149377822876, 0.999171793460846, 0.9971014261245728, 0.9997929334640503, 0.998964786529541, 1.0], "loss": [0.7477816939353943, 0.6332059502601624, 0.529169499874115, 0.48316577076911926, 0.3551477789878845, 0.3069789409637451, 0.2589079737663269, 0.20576919615268707, 0.16887226700782776, 0.15458032488822937, 0.08969250321388245, 0.0970192402601242, 0.05535537376999855], "val_accuracy": [0.5, 0.5, 0.550000011920929, 0.5, 0.550000011920929, 0.5, 0.5, 0.550000011920929, 0.550000011920929, 0.550000011920929, 0.5, 0.5, 0.550000011920929], "val_auc": [0.7050000429153442, 0.5349999666213989, 0.4949999749660492, 0.49000000953674316, 0.5049999952316284, 0.4999999701976776, 0.5, 0.5099999904632568, 0.5149999856948853, 0.5149999856948853, 0.5099999904632568, 0.5099999904632568, 0.49000000953674316], "val_loss": [0.7323898077011108, 0.7151420712471008, 0.7095092535018921, 0.7299726605415344, 0.7467190623283386, 0.7666181921958923, 0.7905268669128418, 0.8118175268173218, 0.8327037692070007, 0.8630889654159546, 0.8857477307319641, 0.9135015606880188, 0.9629592895507812]}