{
    "accuracy": [
        0.5183277726173401,
        0.5580127239227295,
        0.7300817966461182,
        0.8636776804924011,
        0.8960921168327332,
        0.9036655426025391,
        0.9260830283164978,
        0.92759770154953,
        0.9342623353004456,
        0.9421387314796448,
        0.9409269690513611,
        0.9457740187644958,
        0.9409269690513611,
        0.9454710483551025,
        0.9554680585861206,
        0.9551650881767273,
        0.9597091674804688,
        0.9527416229248047,
        0.9612239003181458,
        0.9557709693908691,
        0.962738573551178,
        0.9651620984077454,
        0.9618297219276428,
        0.9591032862663269,
        0.9642532467842102,
        0.9615268111228943,
        0.9663738012313843,
        0.9612239003181458,
        0.9687973260879517,
        0.9678885340690613,
        0.9663738012313843,
        0.9669796824455261,
        0.9709178805351257,
        0.9706149697303772
    ],
    "auc": [
        0.5180445313453674,
        0.5848605632781982,
        0.8016313314437866,
        0.9317612648010254,
        0.9597470760345459,
        0.96710604429245,
        0.9804076552391052,
        0.9784132838249207,
        0.981716513633728,
        0.9843027591705322,
        0.9855874180793762,
        0.9866683483123779,
        0.9862096905708313,
        0.9887704849243164,
        0.9888383150100708,
        0.9909038543701172,
        0.9916068911552429,
        0.9913057684898376,
        0.993083655834198,
        0.9924647808074951,
        0.9934681057929993,
        0.9934244751930237,
        0.994141697883606,
        0.9933655858039856,
        0.9941194653511047,
        0.9934844374656677,
        0.9954070448875427,
        0.9947034120559692,
        0.9955077171325684,
        0.9956079721450806,
        0.9952579736709595,
        0.9955545663833618,
        0.9962854981422424,
        0.9957379102706909
    ],
    "loss": [
        0.703457772731781,
        0.6828027367591858,
        0.5531998872756958,
        0.3374885022640228,
        0.2591826915740967,
        0.2324751317501068,
        0.18036110699176788,
        0.1873176544904709,
        0.1703014373779297,
        0.15719784796237946,
        0.1523914337158203,
        0.14347296953201294,
        0.15086793899536133,
        0.13500012457370758,
        0.13211876153945923,
        0.12035679072141647,
        0.11493043601512909,
        0.11735209822654724,
        0.10506952553987503,
        0.11170937120914459,
        0.10045243799686432,
        0.09998207539319992,
        0.09655016660690308,
        0.10565881431102753,
        0.09385830163955688,
        0.10008401423692703,
        0.08570538461208344,
        0.09199335426092148,
        0.0830179825425148,
        0.08408167213201523,
        0.08452852070331573,
        0.08576957136392593,
        0.0759233832359314,
        0.0808989554643631
    ],
    "precision": [
        0.519439160823822,
        0.5655737519264221,
        0.727544903755188,
        0.8695384860038757,
        0.8939759135246277,
        0.9041843414306641,
        0.9281801581382751,
        0.9278787970542908,
        0.9350728392601013,
        0.9402894973754883,
        0.9385542273521423,
        0.9396654963493347,
        0.9401450753211975,
        0.9460278749465942,
        0.9524669051170349,
        0.9518941640853882,
        0.9594430923461914,
        0.9522081017494202,
        0.9623557925224304,
        0.9580036401748657,
        0.9647201895713806,
        0.9648910164833069,
        0.9607250690460205,
        0.9633252024650574,
        0.9642640948295593,
        0.9601449370384216,
        0.9666666388511658,
        0.9634814262390137,
        0.9657039642333984,
        0.9678982496261597,
        0.9649758338928223,
        0.967839777469635,
        0.9686558246612549,
        0.9652694463729858
    ],
    "recall": [
        0.4936402142047882,
        0.5015142560005188,
        0.7359176278114319,
        0.8558449149131775,
        0.8988491892814636,
        0.9030890464782715,
        0.9236826300621033,
        0.9273167848587036,
        0.9333736896514893,
        0.9442762136459351,
        0.9436705112457275,
        0.9527559280395508,
        0.941853404045105,
        0.9448819160461426,
        0.9588128328323364,
        0.9588128328323364,
        0.9600242376327515,
        0.9533615708351135,
        0.9600242376327515,
        0.9533615708351135,
        0.960629940032959,
        0.9654754400253296,
        0.9630526900291443,
        0.9545729756355286,
        0.9642640948295593,
        0.9630526900291443,
        0.9660811424255371,
        0.9588128328323364,
        0.9721381068229675,
        0.9678982496261597,
        0.9678982496261597,
        0.9660811424255371,
        0.9733495116233826,
        0.9763779640197754
    ],
    "val_accuracy": [
        0.5026510953903198,
        0.6967126131057739,
        0.8748674392700195,
        0.9416754841804504,
        0.9406150579452515,
        0.9512194991111755,
        0.9130434989929199,
        0.924708366394043,
        0.8791092038154602,
        0.9374337196350098,
        0.9480381608009338,
        0.922587513923645,
        0.9533404111862183,
        0.9384941458702087,
        0.9575821757316589,
        0.9490986466407776,
        0.9448568224906921,
        0.9416754841804504,
        0.9331919550895691,
        0.9469777345657349,
        0.9448568224906921,
        0.9448568224906921,
        0.9533404111862183,
        0.9607635140419006,
        0.9618239402770996,
        0.9501590728759766,
        0.9501590728759766,
        0.9469777345657349,
        0.9544008374214172,
        0.9544008374214172,
        0.9533404111862183,
        0.9512194991111755,
        0.955461323261261,
        0.9321314692497253
    ],
    "val_auc": [
        0.5994120836257935,
        0.783232569694519,
        0.9684385657310486,
        0.9786088466644287,
        0.9811593294143677,
        0.9838065505027771,
        0.9851626753807068,
        0.9871464371681213,
        0.9881225824356079,
        0.9875535368919373,
        0.9873489141464233,
        0.985686719417572,
        0.9875108003616333,
        0.9889840483665466,
        0.988610565662384,
        0.9893505573272705,
        0.9898138642311096,
        0.9895327687263489,
        0.9897846579551697,
        0.9885431528091431,
        0.9887456297874451,
        0.9880955815315247,
        0.9877156019210815,
        0.989874541759491,
        0.9888850450515747,
        0.988732099533081,
        0.9902187585830688,
        0.989442765712738,
        0.9895011782646179,
        0.9886488318443298,
        0.989726185798645,
        0.9895957112312317,
        0.9898566603660583,
        0.9893730282783508
    ],
    "val_loss": [
        0.6909854412078857,
        0.6594555974006653,
        0.35822105407714844,
        0.21523036062717438,
        0.17946387827396393,
        0.1605842411518097,
        0.2225407361984253,
        0.18149074912071228,
        0.28971990942955017,
        0.16354438662528992,
        0.14282004535198212,
        0.19826321303844452,
        0.13957597315311432,
        0.15784262120723724,
        0.12733566761016846,
        0.13566289842128754,
        0.14760790765285492,
        0.14958590269088745,
        0.19232234358787537,
        0.14325861632823944,
        0.1470261961221695,
        0.1439778357744217,
        0.14032573997974396,
        0.1214289739727974,
        0.12525638937950134,
        0.13195011019706726,
        0.12377121299505234,
        0.15055407583713531,
        0.12788322567939758,
        0.13430556654930115,
        0.14649160206317902,
        0.1296180635690689,
        0.12818562984466553,
        0.19924582540988922
    ],