{"accuracy": [0.5035971403121948, 0.5827338099479675, 0.5755395889282227, 0.6906474828720093, 0.5899280309677124, 0.7553957104682922, 0.8417266011238098, 0.8057553768157959, 0.8561151027679443, 0.8705036044120789, 0.8920863270759583, 0.9496402740478516, 0.9640287756919861, 0.9280575513839722, 0.9424460530281067, 0.9856114983558655, 0.9784172773361206, 0.9928057789802551], "auc": [0.5215320587158203, 0.6417183876037598, 0.7135610580444336, 0.7606625556945801, 0.6828157305717468, 0.8660455346107483, 0.9278467893600464, 0.9542443752288818, 0.9595237970352173, 0.947826087474823, 0.9589027166366577, 0.9888198971748352, 0.9871635437011719, 0.9867494702339172, 0.9932712316513062, 0.9997929334640503, 0.9991718530654907, 0.9997929334640503], "loss": [0.7304602861404419, 0.6694847345352173, 0.6648337841033936, 0.6054275035858154, 0.636305570602417, 0.5817710161209106, 0.527854859828949, 0.47745487093925476, 0.4235738217830658, 0.3928329050540924, 0.3674006164073944, 0.2816310524940491, 0.25697705149650574, 0.2597137689590454, 0.22754301130771637, 0.17572547495365143, 0.14751678705215454, 0.11718468368053436], "val_accuracy": [0.5, 0.5, 0.5, 0.4000000059604645, 0.6499999761581421, 0.550000011920929, 0.4000000059604645, 0.699999988079071, 0.5, 0.550000011920929, 0.6499999761581421, 0.6499999761581421, 0.550000011920929, 0.6000000238418579, 0.6000000238418579, 0.6000000238418579, 0.6499999761581421, 0.6000000238418579], "val_auc": [0.4650000035762787, 0.6200000047683716, 0.6399999856948853, 0.6299999952316284, 0.6549999713897705, 0.6499999761581421, 0.6600000262260437, 0.6899999976158142, 0.6850000023841858, 0.6899999976158142, 0.6650000214576721, 0.6449999809265137, 0.6449999809265137, 0.6600000262260437, 0.6349999904632568, 0.625, 0.6150000095367432, 0.5900000333786011], "val_loss": [0.746012270450592, 0.7150367498397827, 0.6982630491256714, 0.6904608011245728, 0.6842686533927917, 0.6914178133010864, 0.698794960975647, 0.6722291707992554, 0.7082130908966064, 0.6750203371047974, 0.6737468242645264, 0.6985304951667786, 0.7172211408615112, 0.7013209462165833, 0.6934832334518433, 0.7133927941322327, 0.7461287379264832, 0.7548717856407166]}