{
    "accuracy": [
        0.5016661882400513,
        0.5183277726173401,
        0.6488942503929138,
        0.8321720957756042,
        0.87064528465271,
        0.8963950276374817,
        0.8927597403526306,
        0.9221448302268982,
        0.9351711869239807,
        0.9291123747825623,
        0.9233565330505371,
        0.9400181770324707,
        0.9372917413711548,
        0.9454710483551025,
        0.9509239792823792,
        0.9509239792823792,
        0.9475916624069214,
        0.9506210088729858,
        0.9581944942474365,
        0.9584974050521851,
        0.9621326923370361,
        0.9630414843559265,
        0.9594062566757202,
        0.9621326923370361,
        0.9639503359794617,
        0.9545592069625854,
        0.9615268111228943,
        0.969100296497345,
        0.9612239003181458,
        0.9709178805351257,
        0.9681914448738098,
        0.9697061777114868,
        0.9697061777114868,
        0.9721296429634094,
        0.9730384945869446,
        0.9694032073020935,
        0.9709178805351257,
        0.9718267321586609,
        0.9754619598388672,
        0.9751590490341187
    ],
    "auc": [
        0.4961639642715454,
        0.5340561270713806,
        0.7174748182296753,
        0.9117016196250916,
        0.9406788945198059,
        0.9614955186843872,
        0.958564281463623,
        0.9759251475334167,
        0.9788156747817993,
        0.9804097414016724,
        0.9766806364059448,
        0.9853871464729309,
        0.9862752556800842,
        0.9871357679367065,
        0.988314688205719,
        0.9887067675590515,
        0.9887828826904297,
        0.9902489185333252,
        0.9904454946517944,
        0.9928982257843018,
        0.992405891418457,
        0.9938329458236694,
        0.9925228953361511,
        0.9938079714775085,
        0.993309497833252,
        0.99148029088974,
        0.9943848848342896,
        0.995442271232605,
        0.9941919445991516,
        0.9958093166351318,
        0.9954115152359009,
        0.9963575601577759,
        0.9960730075836182,
        0.9967294931411743,
        0.9965792894363403,
        0.9954280853271484,
        0.9961041808128357,
        0.9957562685012817,
        0.997340977191925,
        0.9974997639656067
    ],
    "loss": [
        0.7036058306694031,
        0.6910431981086731,
        0.6292505264282227,
        0.38124406337738037,
        0.311188280582428,
        0.2516416311264038,
        0.2605123817920685,
        0.19722263514995575,
        0.1812824159860611,
        0.17925108969211578,
        0.19504332542419434,
        0.15306314826011658,
        0.14844000339508057,
        0.14211015403270721,
        0.1357366442680359,
        0.13250389695167542,
        0.13311901688575745,
        0.12341982871294022,
        0.11752226203680038,
        0.10767772793769836,
        0.10343402624130249,
        0.09880703687667847,
        0.10437039285898209,
        0.09814417362213135,
        0.10190538316965103,
        0.11689203232526779,
        0.09424552321434021,
        0.08239078521728516,
        0.09564684331417084,
        0.081654854118824,
        0.08419173210859299,
        0.07460171729326248,
        0.07916805893182755,
        0.07124166935682297,
        0.07548108696937561,
        0.0841953232884407,
        0.07749669998884201,
        0.07797184586524963,
        0.06685341149568558,
        0.0635371208190918
    ],
    "precision": [
        0.5019429922103882,
        0.5162320137023926,
        0.6368187069892883,
        0.837538480758667,
        0.875,
        0.8973891735076904,
        0.8937461972236633,
        0.9276073575019836,
        0.9373098015785217,
        0.9296543598175049,
        0.9210843443870544,
        0.9379144310951233,
        0.9391727447509766,
        0.9444108605384827,
        0.9482239484786987,
        0.9542403817176819,
        0.9446449875831604,
        0.9476534128189087,
        0.9554485082626343,
        0.9582324624061584,
        0.9613059163093567,
        0.9647416472434998,
        0.9583081603050232,
        0.9641119241714478,
        0.9665042757987976,
        0.954023003578186,
        0.9623786211013794,
        0.9662853479385376,
        0.9623557925224304,
        0.9697884917259216,
        0.9667874574661255,
        0.9702849984169006,
        0.9674502611160278,
        0.9721381068229675,
        0.9744836091995239,
        0.9674306511878967,
        0.9720704555511475,
        0.9709794521331787,
        0.9757575988769531,
        0.9757428765296936
    ],
    "recall": [
        0.4694124758243561,
        0.5875226855278015,
        0.6935190558433533,
        0.8243488669395447,
        0.8649303317070007,
        0.8952150344848633,
        0.8915808796882629,
        0.9158086180686951,
        0.9327680468559265,
        0.9285281896591187,
        0.9261053800582886,
        0.9424591064453125,
        0.9351907968521118,
        0.9466989636421204,
        0.953967273235321,
        0.9473046660423279,
        0.9509388208389282,
        0.953967273235321,
        0.9612356424331665,
        0.9588128328323364,
        0.9630526900291443,
        0.9612356424331665,
        0.960629940032959,
        0.9600242376327515,
        0.9612356424331665,
        0.9551786780357361,
        0.960629940032959,
        0.9721381068229675,
        0.9600242376327515,
        0.9721381068229675,
        0.9697152972221375,
        0.9691096544265747,
        0.9721381068229675,
        0.9721381068229675,
        0.97153240442276,
        0.97153240442276,
        0.9697152972221375,
        0.972743809223175,
        0.9751665592193604,
        0.9745608568191528
    ],
    "val_accuracy": [
        0.5026510953903198,
        0.6086956262588501,
        0.8748674392700195,
        0.9056203365325928,
        0.9151643514633179,
        0.9141039252281189,
        0.9289501309394836,
        0.9437963962554932,
        0.924708366394043,
        0.9437963962554932,
        0.9342523813247681,
        0.9310710430145264,
        0.9490986466407776,
        0.9544008374214172,
        0.9501590728759766,
        0.955461323261261,
        0.9544008374214172,
        0.955461323261261,
        0.9501590728759766,
        0.955461323261261,
        0.955461323261261,
        0.9597030878067017,
        0.9575821757316589,
        0.9586426019668579,
        0.9607635140419006,
        0.9448568224906921,
        0.9490986466407776,
        0.9575821757316589,
        0.955461323261261,
        0.9607635140419006,
        0.95652174949646,
        0.9586426019668579,
        0.9501590728759766,
        0.9575821757316589,
        0.9597030878067017,
        0.9575821757316589,
        0.9586426019668579,
        0.9586426019668579,
        0.955461323261261,
        0.95652174949646
    ],
    "val_auc": [
        0.5902853012084961,
        0.6985633373260498,
        0.9518469572067261,
        0.9731886386871338,
        0.979463517665863,
        0.9832420349121094,
        0.9841709136962891,
        0.987474799156189,
        0.9880887866020203,
        0.9882463216781616,
        0.9885183572769165,
        0.9896093010902405,
        0.9901130199432373,
        0.9901309609413147,
        0.9899421334266663,
        0.9917346239089966,
        0.9898655414581299,
        0.9909091591835022,
        0.9907832145690918,
        0.99144446849823,
        0.9918177723884583,
        0.9914422035217285,
        0.992301344871521,
        0.9915637373924255,
        0.992031455039978,
        0.9918627738952637,
        0.9914039373397827,
        0.9909271001815796,
        0.9922135472297668,
        0.9918155074119568,
        0.9909362196922302,
        0.9912757873535156,
        0.9896113276481628,
        0.9920021295547485,
        0.9920404553413391,
        0.9912780523300171,
        0.9931942820549011,
        0.9920763969421387,
        0.9903873801231384,
        0.9904706478118896
    ],